{"sections":{"99994028-fd1c-4222-85fc-286efc036614":{"type":"Subcategory-collection","blocks":{"dedbe536-d038-4117-b02e-7e95ff657428":{"type":"Subcategory-block","repeater":"{{ collection.metafields.custom.subcategory_meta.value }}","settings":{"subcategory-image":"{{ block.repeater.subcategory_image.value }}","image_link":"{{ block.repeater.subcategory_url.value }}","subcategory-title":"{{ block.repeater.subcategory_title.value }}"}}},"block_order":["dedbe536-d038-4117-b02e-7e95ff657428"],"settings":{}},"banner":{"type":"main-collection-banner","settings":{"show_collection_description":true,"show_collection_image":false,"color_scheme":"background-1"}},"product-grid":{"type":"main-collection-product-grid","settings":{"products_per_page":16,"columns_desktop":3,"image_ratio":"adapt","show_secondary_image":false,"show_vendor":false,"show_rating":false,"enable_quick_add":false,"enable_filtering":true,"filter_type":"vertical","enable_sorting":false,"columns_mobile":"2","padding_top":36,"padding_bottom":36}},"61da09c7-55c0-49fc-b728-20d1208c7f0c":{"type":"Subcategory-collection","disabled":true,"blocks":{"23aa403c-b1da-4864-a5b1-b87c63b64344":{"type":"Subcategory-block","repeater":"{{ collection.metafields.custom.subcategory_meta.value }}","settings":{"image_link":"shopify:\/\/collections\/cartoon-collection","subcategory-title":"{{ collection.title }}"}}},"block_order":["23aa403c-b1da-4864-a5b1-b87c63b64344"],"settings":{}}},"order":["99994028-fd1c-4222-85fc-286efc036614","banner","product-grid","61da09c7-55c0-49fc-b728-20d1208c7f0c"]}