{"sections":{"image_banner":{"type":"image-banner","blocks":{"heading":{"type":"heading","settings":{"heading":"Browse our latest products","heading_size":"h0"}},"button":{"type":"buttons","settings":{"button_label_1":"Shop all","button_link_1":"shopify:\/\/collections\/all","button_style_secondary_1":true,"button_label_2":"","button_link_2":"","button_style_secondary_2":false}}},"block_order":["heading","button"],"settings":{"image":"shopify:\/\/shop_images\/eee_-12a_1.png","image_overlay_opacity":40,"image_height":"large","desktop_content_position":"middle-center","show_text_box":false,"desktop_content_alignment":"center","color_scheme":"accent-1","image_behavior":"none","mobile_content_alignment":"center","stack_images_on_mobile":false,"show_text_below":false}},"2dc6423d-0e77-4013-89c3-2afe9d5fd9c8":{"type":"subcategory-collection-home","blocks":{"68649b3b-fd5d-4278-b524-645a1caa6cce":{"type":"Subcategory-block","settings":{"subcategory-image":"shopify:\/\/shop_images\/1_1_52bdff63-85c5-479d-8c41-2dd4ed26aed8.jpg","image_link":"shopify:\/\/collections\/cartoon-collection","subcategory-title":"mandala"}},"8debc35a-d444-4ab6-9af8-ba5bf6eb5cff":{"type":"Subcategory-block","settings":{"subcategory-image":"shopify:\/\/shop_images\/1_1_35494989-0e11-45ea-8d38-9bfa47a09b27.jpg","image_link":"shopify:\/\/collections\/cartoon-collection","subcategory-title":"Creative Collection"}},"43ef7a32-e4fb-484c-91ba-3b39f5e8b0b2":{"type":"Subcategory-block","settings":{"subcategory-image":"shopify:\/\/shop_images\/2_1_5532792f-5f11-4d96-a587-aff3f45d8867.jpg","image_link":"shopify:\/\/collections\/creative-art","subcategory-title":"Creative Art"}},"28a2b53c-fb24-4d7b-a124-bdc4040b8525":{"type":"Subcategory-block","settings":{"subcategory-image":"shopify:\/\/shop_images\/4_1_ff8e35e1-1c12-40db-a75a-6d99586b0cbe.jpg","image_link":"shopify:\/\/collections\/parent-tshirt","subcategory-title":"Parent Collection"}}},"block_order":["68649b3b-fd5d-4278-b524-645a1caa6cce","8debc35a-d444-4ab6-9af8-ba5bf6eb5cff","43ef7a32-e4fb-484c-91ba-3b39f5e8b0b2","28a2b53c-fb24-4d7b-a124-bdc4040b8525"],"settings":{}},"featured_collection":{"type":"featured-collection","disabled":true,"settings":{"title":"Featured products","heading_size":"h2","description":"","show_description":false,"description_style":"body","collection":"all","products_to_show":8,"columns_desktop":4,"full_width":false,"show_view_all":true,"view_all_style":"solid","enable_desktop_slider":false,"color_scheme":"background-1","image_ratio":"adapt","show_secondary_image":true,"show_vendor":false,"show_rating":false,"enable_quick_add":false,"columns_mobile":"2","swipe_on_mobile":false,"padding_top":44,"padding_bottom":36}},"a3d83feb-4e56-49d9-9386-e3ea9478f57d":{"type":"image-banner","disabled":true,"blocks":{"template--19349938929979__a3d83feb-4e56-49d9-9386-e3ea9478f57d-16859422313c7a617f-0":{"type":"heading","settings":{"heading":"Cartoon Collection","heading_size":"h1"}},"template--19349938929979__a3d83feb-4e56-49d9-9386-e3ea9478f57d-16859422313c7a617f-1":{"type":"text","settings":{"text":"Customer’s favorite products this week. What’s so special? <strong>Check it out!<\/strong>","text_style":"body"}},"template--19349938929979__a3d83feb-4e56-49d9-9386-e3ea9478f57d-16859422313c7a617f-2":{"type":"buttons","settings":{"button_label_1":"Shop Men's","button_link_1":"","button_style_secondary_1":false,"button_label_2":"Shop Women's","button_link_2":"","button_style_secondary_2":false}}},"block_order":["template--19349938929979__a3d83feb-4e56-49d9-9386-e3ea9478f57d-16859422313c7a617f-0","template--19349938929979__a3d83feb-4e56-49d9-9386-e3ea9478f57d-16859422313c7a617f-1","template--19349938929979__a3d83feb-4e56-49d9-9386-e3ea9478f57d-16859422313c7a617f-2"],"settings":{"image":"shopify:\/\/shop_images\/10.webp","image_overlay_opacity":0,"image_height":"medium","desktop_content_position":"middle-center","show_text_box":true,"desktop_content_alignment":"center","color_scheme":"background-1","image_behavior":"none","mobile_content_alignment":"center","stack_images_on_mobile":true,"show_text_below":true}},"3b251e3c-18df-4fb7-8c76-db3b7554470b":{"type":"image-banner","disabled":true,"blocks":{"9112ef68-39a8-4dc9-bac4-e79c85803f34":{"type":"heading","settings":{"heading":"Creative Art Collection","heading_size":"h1"}},"0c0a60b0-62d2-4e81-905b-1d66b56dcddf":{"type":"text","settings":{"text":"Customer’s favorite products this week. What’s so special? <strong>Check it out!<\/strong>","text_style":"body"}},"43a01d39-c577-4263-87f8-403e33555a82":{"type":"buttons","settings":{"button_label_1":"Shop Men's","button_link_1":"","button_style_secondary_1":false,"button_label_2":"Shop Women's","button_link_2":"","button_style_secondary_2":false}}},"block_order":["9112ef68-39a8-4dc9-bac4-e79c85803f34","0c0a60b0-62d2-4e81-905b-1d66b56dcddf","43a01d39-c577-4263-87f8-403e33555a82"],"settings":{"image":"shopify:\/\/shop_images\/6.webp","image_overlay_opacity":0,"image_height":"medium","desktop_content_position":"middle-center","show_text_box":true,"desktop_content_alignment":"center","color_scheme":"background-1","image_behavior":"none","mobile_content_alignment":"center","stack_images_on_mobile":true,"show_text_below":true}},"3c58074a-29e9-4925-8506-95132e4bc080":{"type":"image-banner","disabled":true,"blocks":{"eace3a13-272d-4715-b102-bee4b30dd7dd":{"type":"heading","settings":{"heading":"Friends & Family Collection","heading_size":"h1"}},"3ceb5bf8-e720-4b46-a891-6907428cb7ab":{"type":"text","settings":{"text":"Customer’s favorite products this week. What’s so special? <strong>Check it out!<\/strong>","text_style":"body"}},"cbabc2f5-5d19-44f2-b66f-645f63f254b1":{"type":"buttons","settings":{"button_label_1":"Shop Men's","button_link_1":"","button_style_secondary_1":false,"button_label_2":"Shop Women's","button_link_2":"","button_style_secondary_2":false}}},"block_order":["eace3a13-272d-4715-b102-bee4b30dd7dd","3ceb5bf8-e720-4b46-a891-6907428cb7ab","cbabc2f5-5d19-44f2-b66f-645f63f254b1"],"settings":{"image":"shopify:\/\/shop_images\/9.webp","image_overlay_opacity":0,"image_height":"medium","desktop_content_position":"middle-center","show_text_box":true,"desktop_content_alignment":"center","color_scheme":"background-1","image_behavior":"none","mobile_content_alignment":"center","stack_images_on_mobile":true,"show_text_below":true}},"da35ff59-fc69-46bb-be41-74ab8d4958dc":{"type":"image-banner","disabled":true,"blocks":{"e64a63da-1eb2-4749-a573-362287e3e8a6":{"type":"heading","settings":{"heading":"Creative Mandala Collection","heading_size":"h1"}},"36199bee-c503-45dc-93f2-34547bc1c4f5":{"type":"text","settings":{"text":"Customer’s favorite products this week. What’s so special? <strong>Check it out!<\/strong>","text_style":"body"}},"e905c627-acf4-4ff5-aa6a-f65155d03445":{"type":"buttons","settings":{"button_label_1":"Shop Men's","button_link_1":"","button_style_secondary_1":false,"button_label_2":"Shop Women's","button_link_2":"","button_style_secondary_2":false}}},"block_order":["e64a63da-1eb2-4749-a573-362287e3e8a6","36199bee-c503-45dc-93f2-34547bc1c4f5","e905c627-acf4-4ff5-aa6a-f65155d03445"],"settings":{"image":"shopify:\/\/shop_images\/8.webp","image_overlay_opacity":0,"image_height":"medium","desktop_content_position":"middle-center","show_text_box":true,"desktop_content_alignment":"center","color_scheme":"background-1","image_behavior":"none","mobile_content_alignment":"center","stack_images_on_mobile":true,"show_text_below":true}},"1ffc7194-eab6-4e0d-80d9-307987b8c45c":{"type":"image-banner","disabled":true,"blocks":{"dbc110f8-9bef-49a2-97ab-18aedf7dd847":{"type":"heading","settings":{"heading":"TypographicCollection","heading_size":"h1"}},"2349ee54-53b9-4739-82b4-87be46530850":{"type":"text","settings":{"text":"Customer’s favorite products this week. What’s so special? <strong>Check it out!<\/strong>","text_style":"body"}},"c12aa17c-147e-40e4-bfc6-1482e9ffe343":{"type":"buttons","settings":{"button_label_1":"Shop Men's","button_link_1":"","button_style_secondary_1":false,"button_label_2":"Shop Women's","button_link_2":"","button_style_secondary_2":false}}},"block_order":["dbc110f8-9bef-49a2-97ab-18aedf7dd847","2349ee54-53b9-4739-82b4-87be46530850","c12aa17c-147e-40e4-bfc6-1482e9ffe343"],"settings":{"image":"shopify:\/\/shop_images\/7.webp","image_overlay_opacity":0,"image_height":"medium","desktop_content_position":"middle-center","show_text_box":true,"desktop_content_alignment":"center","color_scheme":"background-1","image_behavior":"none","mobile_content_alignment":"center","stack_images_on_mobile":true,"show_text_below":true}},"72842392-ae18-475c-b799-2755d059af89":{"type":"featured-collection","disabled":true,"settings":{"title":"Featured collection","heading_size":"h1","description":"","show_description":false,"description_style":"subtitle","collection":"creative-art","products_to_show":2,"columns_desktop":4,"full_width":true,"show_view_all":true,"view_all_style":"solid","enable_desktop_slider":true,"color_scheme":"background-1","image_ratio":"adapt","show_secondary_image":true,"show_vendor":false,"show_rating":false,"enable_quick_add":false,"columns_mobile":"2","swipe_on_mobile":false,"padding_top":36,"padding_bottom":36}},"82c3791f-81b2-4265-b297-49480d815615":{"type":"collection-list","blocks":{"template--19349938929979__82c3791f-81b2-4265-b297-49480d815615-1685948652f1318939-0":{"type":"featured_collection","settings":{"collection":"creative-art"}},"template--19349938929979__82c3791f-81b2-4265-b297-49480d815615-1685948652f1318939-1":{"type":"featured_collection","settings":{"collection":"cartoon-collection"}},"template--19349938929979__82c3791f-81b2-4265-b297-49480d815615-1685948652f1318939-2":{"type":"featured_collection","settings":{"collection":"mandala"}},"226a4aad-6550-47f9-9dd5-92d009479701":{"type":"featured_collection","settings":{"collection":"typographic"}}},"block_order":["template--19349938929979__82c3791f-81b2-4265-b297-49480d815615-1685948652f1318939-0","template--19349938929979__82c3791f-81b2-4265-b297-49480d815615-1685948652f1318939-1","template--19349938929979__82c3791f-81b2-4265-b297-49480d815615-1685948652f1318939-2","226a4aad-6550-47f9-9dd5-92d009479701"],"custom_css":[".collection-list-title.inline-richtext.h0 {font-weight: bold; color: #5c4795;}",".collection-list-title {margin: 0 auto;}"],"settings":{"title":"SHOP BY CATEGORY","heading_size":"h0","image_ratio":"adapt","columns_desktop":4,"color_scheme":"background-2","show_view_all":false,"columns_mobile":"1","swipe_on_mobile":false,"padding_top":36,"padding_bottom":36}},"2c51c37d-4d19-4183-9e09-7c873f47bce4":{"type":"video","disabled":true,"settings":{"heading":"","heading_size":"h1","enable_video_looping":false,"video_url":"https:\/\/www.youtube.com\/watch?v=_9VUPq3SxOc","description":"","full_width":false,"color_scheme":"background-1","padding_top":36,"padding_bottom":36}},"5c08a78b-dbb9-4c3f-9206-31567dec4901":{"type":"custom-liquid","custom_css":[],"settings":{"custom_liquid":"<style>\n \nvideo { \n \ndisplay: block;\nmargin: 0 auto;\nwidth: 100%;\nheight: 35%;\n \n}\n \n<\/style>\n \n \n<video autoplay loop playsinline muted> \n<source src=\"https:\/\/cdn.shopify.com\/videos\/c\/vp\/9e24c40b24c64f8ca17985a1c8f851b7\/9e24c40b24c64f8ca17985a1c8f851b7.HD-720p-2.1Mbps-15225425.mp4\">\n<\/video>","color_scheme":"background-1","padding_top":40,"padding_bottom":0}},"3c0b5d4e-3a33-4420-ba6e-af025d54230d":{"type":"collage","disabled":true,"blocks":{"template--19349938929979__3c0b5d4e-3a33-4420-ba6e-af025d54230d-16859609823ce33f53-0":{"type":"image","settings":{"image":"shopify:\/\/shop_images\/2_4.jpg"}},"template--19349938929979__3c0b5d4e-3a33-4420-ba6e-af025d54230d-16859609823ce33f53-1":{"type":"product","settings":{"product":"mens-playful-bunny-cartoon-tee-whimsically-funny-and-cozy","second_image":false}},"template--19349938929979__3c0b5d4e-3a33-4420-ba6e-af025d54230d-16859609823ce33f53-2":{"type":"collection","settings":{"collection":"mandala"}}},"block_order":["template--19349938929979__3c0b5d4e-3a33-4420-ba6e-af025d54230d-16859609823ce33f53-0","template--19349938929979__3c0b5d4e-3a33-4420-ba6e-af025d54230d-16859609823ce33f53-1","template--19349938929979__3c0b5d4e-3a33-4420-ba6e-af025d54230d-16859609823ce33f53-2"],"settings":{"heading":"Multimedia collage","heading_size":"h1","desktop_layout":"left","mobile_layout":"column","card_styles":"product-card-wrapper","color_scheme":"background-1","padding_top":36,"padding_bottom":36}},"974fb513-e7fd-4e0e-b837-25de025368af":{"type":"multirow","disabled":true,"blocks":{"template--19349938929979__974fb513-e7fd-4e0e-b837-25de025368af-16859612489ba69e89-0":{"type":"row","settings":{"image":"shopify:\/\/shop_images\/2_4.jpg","caption":"LIon","heading":"Mandala Collection","text":"<ul><li>Soft Fabric<\/li><li>Bright Colors<\/li><li>Funkey Vibe<\/li><li>Trendy Style<\/li><\/ul>","button_label":"Button label","button_link":""}},"template--19349938929979__974fb513-e7fd-4e0e-b837-25de025368af-16859612489ba69e89-1":{"type":"row","settings":{"image":"shopify:\/\/shop_images\/5_3.jpg","caption":"My","heading":"Best Friend","text":"<ul><li>SOFT FABRIC<\/li><li>BRIGHT COLORS<\/li><li>FUNKY VIBE<\/li><li>TRENDY STYLE<\/li><\/ul>","button_label":"Button label","button_link":""}},"template--19349938929979__974fb513-e7fd-4e0e-b837-25de025368af-16859612489ba69e89-2":{"type":"row","settings":{"caption":"Caption","heading":"Row","text":"<p>Pair text with an image to focus on your chosen product, collection, or blog post. Add details on availability, style, or even provide a review.<\/p>","button_label":"Button label","button_link":""}}},"block_order":["template--19349938929979__974fb513-e7fd-4e0e-b837-25de025368af-16859612489ba69e89-0","template--19349938929979__974fb513-e7fd-4e0e-b837-25de025368af-16859612489ba69e89-1","template--19349938929979__974fb513-e7fd-4e0e-b837-25de025368af-16859612489ba69e89-2"],"settings":{"image_height":"medium","desktop_image_width":"medium","heading_size":"h1","text_style":"body","button_style":"secondary","desktop_content_position":"middle","desktop_content_alignment":"left","image_layout":"alternate-left","section_color_scheme":"background-1","row_color_scheme":"background-1","mobile_content_alignment":"left","padding_top":36,"padding_bottom":36}},"ebf33664-3257-47f0-b795-4deadab0358c":{"type":"product-slider","blocks":{"4206c407-c881-47cf-aba9-e62928a7e6d1":{"type":"card","settings":{"product_item":"mens-playful-bunny-cartoon-tee-whimsically-funny-and-cozy"}},"63ef58cb-13a5-4b1e-b398-a4aea1201c60":{"type":"card","settings":{"product_item":"mens-wanderlust-journey-tee-conquer-and-explore"}},"a477a4a2-8114-439b-90f3-331d1b568ec0":{"type":"card","settings":{"product_item":"mens-playful-bunny-cartoon-tee-whimsically-funny-and-cozy"}},"a5906c56-a583-44e5-99bf-ffd55b97c420":{"type":"card","settings":{"product_item":"mens-wanderlust-journey-tee-conquer-and-explore"}}},"block_order":["4206c407-c881-47cf-aba9-e62928a7e6d1","63ef58cb-13a5-4b1e-b398-a4aea1201c60","a477a4a2-8114-439b-90f3-331d1b568ec0","a5906c56-a583-44e5-99bf-ffd55b97c420"],"custom_css":[".title-wrapper-with-link .title {color: #5c4795; font-weight: bold; margin: 0 auto; font-size: 5.2rem;}"],"settings":{"navigation_amount":3,"navigation_color":"#ffffff","title":"Most Valuable Product"}},"c56d1acf-447b-46e1-913f-2300d2388bde":{"type":"slideshow","blocks":{"template--19349938929979__c56d1acf-447b-46e1-913f-2300d2388bde-16859659853c6d1491-0":{"type":"slide","settings":{"image":"shopify:\/\/shop_images\/7.webp","heading":"Image slide","heading_size":"h1","subheading":"Tell your brand's story through images","button_label":"Button label","link":"","button_style_secondary":false,"box_align":"middle-center","show_text_box":true,"text_alignment":"center","image_overlay_opacity":0,"color_scheme":"background-1","text_alignment_mobile":"center"}},"template--19349938929979__c56d1acf-447b-46e1-913f-2300d2388bde-16859659853c6d1491-1":{"type":"slide","settings":{"image":"shopify:\/\/shop_images\/8.webp","heading":"Image slide","heading_size":"h1","subheading":"Tell your brand's story through images","button_label":"Button label","link":"","button_style_secondary":false,"box_align":"middle-center","show_text_box":true,"text_alignment":"center","image_overlay_opacity":0,"color_scheme":"background-1","text_alignment_mobile":"center"}},"62179e57-e719-4307-8102-291a63bda9ba":{"type":"slide","settings":{"image":"shopify:\/\/shop_images\/6.webp","heading":"Image slide","heading_size":"h1","subheading":"Tell your brand's story through images","button_label":"Button label","link":"","button_style_secondary":false,"box_align":"middle-center","show_text_box":true,"text_alignment":"center","image_overlay_opacity":0,"color_scheme":"background-1","text_alignment_mobile":"center"}},"aaf6851a-1535-4a8c-a79d-d85eaf027bad":{"type":"slide","settings":{"image":"shopify:\/\/shop_images\/10.webp","heading":"Image slide","heading_size":"h1","subheading":"Tell your brand's story through images","button_label":"Button label","link":"","button_style_secondary":true,"box_align":"middle-center","show_text_box":true,"text_alignment":"center","image_overlay_opacity":0,"color_scheme":"background-1","text_alignment_mobile":"center"}}},"block_order":["template--19349938929979__c56d1acf-447b-46e1-913f-2300d2388bde-16859659853c6d1491-0","template--19349938929979__c56d1acf-447b-46e1-913f-2300d2388bde-16859659853c6d1491-1","62179e57-e719-4307-8102-291a63bda9ba","aaf6851a-1535-4a8c-a79d-d85eaf027bad"],"custom_css":[".slideshow__controls.slideshow__controls--top.slider-buttons.no-js-hidden {display: none;}","div.color-background-1.gradient {margin-bottom: -50px;}","video {margin-bottom: -50px;}"],"settings":{"layout":"full_bleed","slide_height":"medium","slider_visual":"dots","auto_rotate":true,"change_slides_speed":3,"image_behavior":"none","show_text_below":false,"accessibility_info":"Slideshow about our brand"}},"9c0035ad-d778-4b13-8360-acb90f74f474":{"type":"collection-list","blocks":{"template--19349938929979__9c0035ad-d778-4b13-8360-acb90f74f474-1685964694faed5585-0":{"type":"featured_collection","settings":{"collection":"yoga-collection"}},"template--19349938929979__9c0035ad-d778-4b13-8360-acb90f74f474-1685964694faed5585-1":{"type":"featured_collection","settings":{"collection":"couple-collection"}},"template--19349938929979__9c0035ad-d778-4b13-8360-acb90f74f474-1685964694faed5585-2":{"type":"featured_collection","settings":{"collection":"parent-tshirt"}}},"block_order":["template--19349938929979__9c0035ad-d778-4b13-8360-acb90f74f474-1685964694faed5585-0","template--19349938929979__9c0035ad-d778-4b13-8360-acb90f74f474-1685964694faed5585-1","template--19349938929979__9c0035ad-d778-4b13-8360-acb90f74f474-1685964694faed5585-2"],"custom_css":[".card--card.card--media > .card__content {background-color: gray;}",".collection-list__item a:hover {color: #5c4795;}",".collection-list-title {margin: 0 auto; font-weight: bold;}"],"settings":{"title":"Trends Go Grab and Go","heading_size":"h1","image_ratio":"square","columns_desktop":3,"color_scheme":"inverse","show_view_all":false,"columns_mobile":"1","swipe_on_mobile":false,"padding_top":36,"padding_bottom":36}},"9e8123ae-6ffe-4d59-b9af-d616183fba5a":{"type":"rich-text","blocks":{"template--19349938929979__9e8123ae-6ffe-4d59-b9af-d616183fba5a-1685960225415fe268-0":{"type":"heading","settings":{"heading":"Funk Fool Cares","heading_size":"h1"}},"template--19349938929979__9e8123ae-6ffe-4d59-b9af-d616183fba5a-1685960225415fe268-1":{"type":"text","settings":{"text":"<p>We Do not Ask Bank Account Details Telephonicaliy.<\/p><p>We aslo Do not ask money for any Lucky Draw<\/p>"}},"template--19349938929979__9e8123ae-6ffe-4d59-b9af-d616183fba5a-1685960225415fe268-2":{"type":"button","disabled":true,"settings":{"button_label":"Button label","button_link":"","button_style_secondary":false,"button_label_2":"","button_link_2":"","button_style_secondary_2":false}}},"block_order":["template--19349938929979__9e8123ae-6ffe-4d59-b9af-d616183fba5a-1685960225415fe268-0","template--19349938929979__9e8123ae-6ffe-4d59-b9af-d616183fba5a-1685960225415fe268-1","template--19349938929979__9e8123ae-6ffe-4d59-b9af-d616183fba5a-1685960225415fe268-2"],"custom_css":[],"settings":{"desktop_content_position":"center","content_alignment":"center","color_scheme":"accent-2","full_width":true,"padding_top":24,"padding_bottom":24}},"872a3dc0-124a-4491-9e4f-995d44e1807b":{"type":"multicolumn","blocks":{"template--19349938929979__872a3dc0-124a-4491-9e4f-995d44e1807b-1685943577c5fcdd31-0":{"type":"column","settings":{"image":"shopify:\/\/shop_images\/free-delivery.png","title":"<strong>Free Delivery<\/strong>","text":"","link_label":"","link":""}},"template--19349938929979__872a3dc0-124a-4491-9e4f-995d44e1807b-1685943577c5fcdd31-2":{"type":"column","settings":{"image":"shopify:\/\/shop_images\/hand-with-heart.png","title":"<strong>100% Hand Picked<\/strong>","text":"","link_label":"","link":""}},"template--19349938929979__872a3dc0-124a-4491-9e4f-995d44e1807b-1685943577c5fcdd31-1":{"type":"column","settings":{"image":"shopify:\/\/shop_images\/quality.png","title":"<strong>Quality Assured<\/strong>","text":"","link_label":"","link":""}}},"block_order":["template--19349938929979__872a3dc0-124a-4491-9e4f-995d44e1807b-1685943577c5fcdd31-0","template--19349938929979__872a3dc0-124a-4491-9e4f-995d44e1807b-1685943577c5fcdd31-2","template--19349938929979__872a3dc0-124a-4491-9e4f-995d44e1807b-1685943577c5fcdd31-1"],"custom_css":[".multicolumn-card-spacing {width: 20%;}",".multicolumn-card__info {padding: 0px; padding-top: 0px;}"],"settings":{"title":"","heading_size":"h1","image_width":"third","image_ratio":"adapt","columns_desktop":3,"column_alignment":"center","background_style":"primary","button_label":"","button_link":"","color_scheme":"background-1","columns_mobile":"1","swipe_on_mobile":false,"padding_top":0,"padding_bottom":4}},"bb629449-1153-4eed-adc6-cdddd2cf7b27":{"type":"slideshow","disabled":true,"blocks":{"template--19349938929979__bb629449-1153-4eed-adc6-cdddd2cf7b27-16859659853c6d1491-0":{"type":"slide","settings":{"image":"shopify:\/\/shop_images\/100-coupon-promotion-sale-website-260nw-2041506134.webp","heading":"","heading_size":"h1","subheading":"","button_label":"","link":"","button_style_secondary":false,"box_align":"middle-center","show_text_box":true,"text_alignment":"center","image_overlay_opacity":0,"color_scheme":"background-1","text_alignment_mobile":"center"}},"template--19349938929979__bb629449-1153-4eed-adc6-cdddd2cf7b27-16859659853c6d1491-1":{"type":"slide","settings":{"image":"shopify:\/\/shop_images\/1600w-J5VkNReQ8WA.webp","heading":"","heading_size":"h1","subheading":"","button_label":"","link":"","button_style_secondary":false,"box_align":"middle-center","show_text_box":true,"text_alignment":"center","image_overlay_opacity":0,"color_scheme":"background-1","text_alignment_mobile":"center"}}},"block_order":["template--19349938929979__bb629449-1153-4eed-adc6-cdddd2cf7b27-16859659853c6d1491-0","template--19349938929979__bb629449-1153-4eed-adc6-cdddd2cf7b27-16859659853c6d1491-1"],"settings":{"layout":"full_bleed","slide_height":"medium","slider_visual":"counter","auto_rotate":false,"change_slides_speed":5,"image_behavior":"none","show_text_below":true,"accessibility_info":"Slideshow about our brand"}},"6ff09006-14aa-4bce-bcc9-5e6906d2af93":{"type":"Video-background-slide","disabled":true,"blocks":{"template--19349938929979__6ff09006-14aa-4bce-bcc9-5e6906d2af93-168613367869130f6c-0":{"type":"video","settings":{"video_link":"","overlay_opacity":0,"title":"Video slide","text":"<p>Use this text to share information about your brand with your customers. Describe a product, share announcements, or welcome customers to your store.<\/p>","color_text":"#ffffff","button_label":"","button_link":"","color_btn_bg":"#ffffff","color_btn_text":"#ffffff"}}},"block_order":["template--19349938929979__6ff09006-14aa-4bce-bcc9-5e6906d2af93-168613367869130f6c-0"],"settings":{}},"e116e518-051c-45d2-89e0-7ea04968cfea":{"type":"custom-liquid","disabled":true,"custom_css":[],"settings":{"custom_liquid":"<style>\n.fetured-icon{\ndisplay:flex-wrap;\n\n}\n.fetured-icon{display:flex;\njustify-content:center;\nalign-item:center;\npadding:10px;\n}\n.fetured-icon-img img{\nwidth:80px;\nheight:auto;\n\n}\nh2 p{padding:0;\nmargin:0;\n\n}\n.feature-icon-content{\npadding:10px;\n}\n<\/style>\n<div class=\"fetured-icon\">\n<div class=\"fetured-icon-img\">\n<img src=\"https:\/\/cdn.shopify.com\/s\/files\/1\/0770\/6352\/0571\/files\/free-delivery.png?v=1685944630&width=200\">\n<\/div>\n<div class=\"fetured-icon-img\">\n<img src=\"https:\/\/cdn.shopify.com\/s\/files\/1\/0770\/6352\/0571\/files\/free-delivery.png?v=1685944630&width=200\">\n<div class=\"featured-icon-content\">\n<h2 class=\"heading\">\nQuality Assured\n<\/h2>\n<p>Quality Assured<\/p><\/div>\n<\/div>\n<div class=\"fetured-icon-img\">\n<img src=\"https:\/\/cdn.shopify.com\/s\/files\/1\/0770\/6352\/0571\/files\/free-delivery.png?v=1685944630&width=200\">\n<\/div>\n<\/div>\n\n\n<script>\n$(document).ready(function() {\n\t$('.fetured-icon').slick({\n\t\t  dots: true,\n\t\t  infinite: false,\n\t\t  speed: 300,\n\t\t  slidesToShow: 1,\n\t\t  slidesToScroll: 1,\n\t\t  responsive: [\n\t\t\t{\n\t\t\t  breakpoint: 1024,\n\t\t\t  settings: {\n\t\t\t\tslidesToShow: 2,\n\t\t\t\tslidesToScroll: 2,\n\t\t\t\tinfinite: true,\n\t\t\t\tdots: true,\n\t\tautoplay: true\n\t\t\t  }\n\t\t\t},\n\t\t\t{\n\t\t\t  breakpoint: 767,\n\t\t\t  settings: {\n\t\t\t\tslidesToShow: 1,\n\t\t\t\tslidesToScroll: 1,\n\t\t\t\tautoplay: true\n\t\t\t  }\n\t\t\t}\n\t\t\t\n\t\t\t\n\t\t  ]\n\t\t});\n})\n\n<\/script>","color_scheme":"background-1","padding_top":40,"padding_bottom":52}},"83f5a8c5-058b-4707-a692-7c137c1e7658":{"type":"corrousel-slider","blocks":{"2f54f5d0-8591-41ce-a1a4-0e166b88e145":{"type":"slide","settings":{"image_title":"quality Assurance","image_slider":"shopify:\/\/shop_images\/quality.png"}},"ec302506-f387-448c-b125-204df360118e":{"type":"slide","disabled":true,"settings":{"image_title":"100%garantee","image_slider":"shopify:\/\/shop_images\/hand-with-heart.png"}},"72682707-9d1f-4aa3-970a-706cecfcb5be":{"type":"slide","disabled":true,"settings":{"image_title":"","image_slider":"shopify:\/\/shop_images\/free-delivery.png"}}},"block_order":["2f54f5d0-8591-41ce-a1a4-0e166b88e145","ec302506-f387-448c-b125-204df360118e","72682707-9d1f-4aa3-970a-706cecfcb5be"],"settings":{}},"65687850-2a4b-4d8e-9fd4-89b6f7327466":{"type":"corrousel-slider-dynamic","disabled":true,"blocks":{"6d2c024c-e5bb-4312-9b30-db3644354f17":{"type":"slide","settings":{"image_title":"100% guarantee","image_slider":"shopify:\/\/shop_images\/hand-with-heart.png"}},"9156bd70-e244-4670-95b8-92a9893449e1":{"type":"slide","settings":{"image_title":"","image_slider":"shopify:\/\/shop_images\/free-delivery.png"}},"95db617a-45a2-4672-8860-a9993f996915":{"type":"slide","settings":{"image_title":"","image_slider":"shopify:\/\/shop_images\/quality.png"}}},"block_order":["6d2c024c-e5bb-4312-9b30-db3644354f17","9156bd70-e244-4670-95b8-92a9893449e1","95db617a-45a2-4672-8860-a9993f996915"],"settings":{}},"3f211124-612c-4739-aafe-e184d7e14335":{"type":"Subcategory-collection","disabled":true,"blocks":{"9d6de65c-e7c8-4ceb-80d6-25503d5cd562":{"type":"Subcategory-block","settings":{"subcategory-image":"shopify:\/\/shop_images\/1_1_35494989-0e11-45ea-8d38-9bfa47a09b27.jpg","image_link":"shopify:\/\/collections\/couple-collection","subcategory-title":"mandala"}}},"block_order":["9d6de65c-e7c8-4ceb-80d6-25503d5cd562"],"settings":{}}},"order":["image_banner","2dc6423d-0e77-4013-89c3-2afe9d5fd9c8","featured_collection","a3d83feb-4e56-49d9-9386-e3ea9478f57d","3b251e3c-18df-4fb7-8c76-db3b7554470b","3c58074a-29e9-4925-8506-95132e4bc080","da35ff59-fc69-46bb-be41-74ab8d4958dc","1ffc7194-eab6-4e0d-80d9-307987b8c45c","72842392-ae18-475c-b799-2755d059af89","82c3791f-81b2-4265-b297-49480d815615","2c51c37d-4d19-4183-9e09-7c873f47bce4","5c08a78b-dbb9-4c3f-9206-31567dec4901","3c0b5d4e-3a33-4420-ba6e-af025d54230d","974fb513-e7fd-4e0e-b837-25de025368af","ebf33664-3257-47f0-b795-4deadab0358c","c56d1acf-447b-46e1-913f-2300d2388bde","9c0035ad-d778-4b13-8360-acb90f74f474","9e8123ae-6ffe-4d59-b9af-d616183fba5a","872a3dc0-124a-4491-9e4f-995d44e1807b","bb629449-1153-4eed-adc6-cdddd2cf7b27","6ff09006-14aa-4bce-bcc9-5e6906d2af93","e116e518-051c-45d2-89e0-7ea04968cfea","83f5a8c5-058b-4707-a692-7c137c1e7658","65687850-2a4b-4d8e-9fd4-89b6f7327466","3f211124-612c-4739-aafe-e184d7e14335"]}