{"sections":{"main":{"type":"main-product","blocks":{"vendor":{"type":"text","settings":{"text":"{{ product.vendor }}","text_style":"uppercase"}},"title":{"type":"title","settings":{}},"price":{"type":"price","settings":{}},"variant_picker":{"type":"variant_picker","settings":{"picker_type":"button"}},"quantity_selector":{"type":"quantity_selector","settings":{}},"buy_buttons":{"type":"buy_buttons","settings":{"show_dynamic_checkout":true}},"description":{"type":"description","disabled":true,"settings":{}},"share":{"type":"share","disabled":true,"settings":{"share_label":"Share"}},"900209a1-3958-4e9d-874b-c24b4c6a1e08":{"type":"shopify:\/\/apps\/trust-badges-bear\/blocks\/widget\/163a9b59-0ec2-4cb7-bf5c-31408b4a9420","settings":{}},"9fbdfc42-82dc-4eb8-af33-5e82e2a1255f":{"type":"collapsible_tab","settings":{"heading":"Description","icon":"box","content":"<p>{{ product.metafields.custom.description | metafield_tag }}<\/p>","page":""}},"e9826a28-9801-4ef1-a8d5-97177f2ea830":{"type":"collapsible_tab","settings":{"heading":"Material","icon":"shirt","content":"{{ product.metafields.custom.materials | metafield_tag }}","page":""}},"67e2cf5b-2201-4a26-963f-572ff143da5e":{"type":"collapsible_tab","settings":{"heading":"Features","icon":"heart","content":"<p>{{ product.metafields.custom.features | metafield_tag }}<\/p>","page":""}},"55530f2c-2737-40d1-8d8f-6ad632bd2043":{"type":"collapsible_tab","settings":{"heading":"Size Chart","icon":"shirt","content":"","page":"size-chart"}},"542c06a1-87e1-4774-9e8b-dc826e7ecad1":{"type":"custom_liquid","settings":{"custom_liquid":"<style>\n  .kd_badges{\n    display:flex;\n    flex-wrap:wrap;\n    justified-content:center;\n    max-width:400px;\n    margin-left:auto;\n    margin-right:auto;\n  }\n  .kd_badge{\n    width:33%;\n    text-align:center;\n    padding-left:5px;\n    padding-right:5px;\n  }\n  .kd_badge img{\n    width:48px;\n  }\n   .kd_badge p{\n    font-size:14px;\n     font-weight:bold;\n     font-family: var(--font-heading-family);\n  }\n<\/style>\n\n\n<div class=\"kd_badges\">\n  <div class=\"kd_badge\">\n    <img src=\"https:\/\/cdn.shopify.com\/s\/files\/1\/0770\/6352\/0571\/files\/hand-with-heart.png?v=1685945672\">\n    <p>100% Hand Picked<\/p>\n  <\/div>\n  <div class=\"kd_badge\">\n    <img src=\"https:\/\/cdn.shopify.com\/s\/files\/1\/0770\/6352\/0571\/files\/quality.png?v=1685945499\">\n    <p>Quality Assured<\/p>\n  <\/div>\n  <div class=\"kd_badge\">\n    <img src=\"https:\/\/cdn.shopify.com\/s\/files\/1\/0770\/6352\/0571\/files\/free-delivery.png?v=1685944630\">\n    <p>Free Delivery<\/p>\n  <\/div>\n<\/div>"}},"b8fb43a1-aaa7-4ada-9e64-6f02da2f07ca":{"type":"related_products","settings":{"heading_font_size":14,"heading_color":"#000000","hover_border_color":"#121212"}}},"block_order":["vendor","title","price","variant_picker","quantity_selector","buy_buttons","description","share","900209a1-3958-4e9d-874b-c24b4c6a1e08","9fbdfc42-82dc-4eb8-af33-5e82e2a1255f","e9826a28-9801-4ef1-a8d5-97177f2ea830","67e2cf5b-2201-4a26-963f-572ff143da5e","55530f2c-2737-40d1-8d8f-6ad632bd2043","542c06a1-87e1-4774-9e8b-dc826e7ecad1","b8fb43a1-aaa7-4ada-9e64-6f02da2f07ca"],"settings":{"enable_sticky_info":false,"gallery_layout":"stacked","media_size":"large","mobile_thumbnails":"hide","hide_variants":true,"enable_video_looping":false,"padding_top":36,"padding_bottom":12}},"related-products":{"type":"related-products","settings":{"heading":"<strong>You may also like<\/strong>{{ product.metafields[\"shopify--discovery--product_recommendation\"].related_products_display.value }}","heading_size":"h2","products_to_show":4,"columns_desktop":4,"color_scheme":"background-1","image_ratio":"square","show_secondary_image":true,"show_vendor":false,"show_rating":true,"columns_mobile":"2","padding_top":36,"padding_bottom":28}},"980975c9-6155-4e29-aa84-573a083c6fa0":{"type":"Trust-badege","settings":{}}},"order":["main","related-products","980975c9-6155-4e29-aa84-573a083c6fa0"]}