{"name":"t:sections.header.name","type":"header","sections":{"announcement-bar":{"type":"announcement-bar","blocks":{"announcement-bar-0":{"type":"announcement","settings":{"text":"Welcome To Funk Fool | OFFER : ON 1st purchase Get Flat 100 rs. Off.","text_alignment":"center","color_scheme":"accent-2","link":""}}},"block_order":["announcement-bar-0"],"settings":{}},"header":{"type":"header","custom_css":[".list-menu--inline {font-weight: bold;}",".list-menu__item {font-size: 25px;}"],"settings":{"logo_position":"middle-center","menu":"main-menu","menu_type_desktop":"dropdown","sticky_header_type":"on-scroll-up","show_line_separator":true,"color_scheme":"background-2","transparent_header":true,"content_color":"","enable_country_selector":false,"enable_language_selector":false,"mobile_logo_position":"center","margin_bottom":0,"padding_top":12,"padding_bottom":12}}},"order":["announcement-bar","header"]}